dataset,method,objective_1,objective_2,fasta,status,message
"classA_001","caretta",-266529.0000000000,0.4628942299,"C:\GDrive2026\TM-MSA\Datasets\GPCRdb\precomputed\classA_001\caretta_classA_001.fasta",ok,""
"classA_001","clustalw",214549.0000000000,0.4600758218,"C:\GDrive2026\TM-MSA\Datasets\GPCRdb\precomputed\classA_001\clustalw_classA_001.fasta",ok,""
"classA_001","foldmason",184315.0000000000,0.5241717051,"C:\GDrive2026\TM-MSA\Datasets\GPCRdb\precomputed\classA_001\foldmason_classA_001.fasta",ok,""
"classA_001","kalign",217508.0000000000,0.5239710789,"C:\GDrive2026\TM-MSA\Datasets\GPCRdb\precomputed\classA_001\kalign_classA_001.fasta",ok,""
"classA_001","mafft",234782.0000000000,0.4481183443,"C:\GDrive2026\TM-MSA\Datasets\GPCRdb\precomputed\classA_001\mafft_classA_001.fasta",ok,""
"classA_001","mtmalign",136308.0000000000,0.0905754102,"C:\GDrive2026\TM-MSA\Datasets\GPCRdb\precomputed\classA_001\mtmalign_classA_001.fasta",ok,""
"classA_001","muscle5",231512.0000000000,0.3670318866,"C:\GDrive2026\TM-MSA\Datasets\GPCRdb\precomputed\classA_001\muscle5_classA_001.fasta",ok,""
"classA_001","mustang",160890.0000000000,0.2068704258,"C:\GDrive2026\TM-MSA\Datasets\GPCRdb\precomputed\classA_001\mustang_classA_001.fasta",ok,""
"classA_001","tcoffee",203671.0000000000,0.3029860905,"C:\GDrive2026\TM-MSA\Datasets\GPCRdb\precomputed\classA_001\tcoffee_classA_001.fasta",ok,""
"classA_001","tmaligner",217621.0000000000,0.4456697301,"C:\GDrive2026\TM-MSA\Datasets\GPCRdb\precomputed\classA_001\tmaligner_classA_001.fasta",ok,""
"classA_001","usalign",137880.0000000000,0.1682463821,"C:\GDrive2026\TM-MSA\Datasets\GPCRdb\precomputed\classA_001\usalign_classA_001.fasta",ok,""
"classA_001","usalign_clean",137880.0000000000,0.1682463821,"C:\GDrive2026\TM-MSA\Datasets\GPCRdb\precomputed\classA_001\usalign_classA_001_clean.fasta",ok,""
"classA_001_19","caretta",-57504.0000000000,0.5663952876,"C:\GDrive2026\TM-MSA\Datasets\GPCRdb\precomputed\classA_001_19\caretta_classA_001_19.fasta",ok,""
"classA_001_19","clustalw",71059.0000000000,0.5481399549,"C:\GDrive2026\TM-MSA\Datasets\GPCRdb\precomputed\classA_001_19\clustalw_classA_001_19.fasta",ok,""
"classA_001_19","foldmason",59935.0000000000,0.5837717535,"C:\GDrive2026\TM-MSA\Datasets\GPCRdb\precomputed\classA_001_19\foldmason_classA_001_19.fasta",ok,""
"classA_001_19","kalign",72859.0000000000,0.5871180936,"C:\GDrive2026\TM-MSA\Datasets\GPCRdb\precomputed\classA_001_19\kalign_classA_001_19.fasta",ok,""
"classA_001_19","mafft",80761.0000000000,0.5356588136,"C:\GDrive2026\TM-MSA\Datasets\GPCRdb\precomputed\classA_001_19\mafft_classA_001_19.fasta",ok,""
"classA_001_19","mtmalign",45740.0000000000,0.1402013665,"C:\GDrive2026\TM-MSA\Datasets\GPCRdb\precomputed\classA_001_19\mtmalign_classA_001_19.fasta",ok,""
"classA_001_19","muscle5",75703.0000000000,0.4970936400,"C:\GDrive2026\TM-MSA\Datasets\GPCRdb\precomputed\classA_001_19\muscle5_classA_001_19.fasta",ok,""
"classA_001_19","mustang",50651.0000000000,0.3211480472,"C:\GDrive2026\TM-MSA\Datasets\GPCRdb\precomputed\classA_001_19\mustang_classA_001_19.fasta",ok,""
"classA_001_19","tcoffee",71228.0000000000,0.4543731307,"C:\GDrive2026\TM-MSA\Datasets\GPCRdb\precomputed\classA_001_19\tcoffee_classA_001_19.fasta",ok,""
"classA_001_19","tmaligner",70185.0000000000,0.5061698941,"C:\GDrive2026\TM-MSA\Datasets\GPCRdb\precomputed\classA_001_19\tmaligner_classA_001_19.fasta",ok,""
"classA_001_19","usalign",46728.0000000000,0.2278179096,"C:\GDrive2026\TM-MSA\Datasets\GPCRdb\precomputed\classA_001_19\usalign_classA_001_19.fasta",ok,""
"classA_001_19","usalign_clean",46728.0000000000,0.2278179096,"C:\GDrive2026\TM-MSA\Datasets\GPCRdb\precomputed\classA_001_19\usalign_classA_001_19_clean.fasta",ok,""
"classA_002","caretta",,,"C:\GDrive2026\TM-MSA\Datasets\GPCRdb\precomputed\classA_002\caretta_classA_002.fasta",failed,"JMetalException: Error reading data from fasta files C:\GDrive2026\TM-MSA\Datasets\GPCRdb\precomputed\classA_002\caretta_classA_002.fasta. Message: org.uma.jmetal.util.errorchecking.JMetalException: Ungapped sequence mismatch for protein 'mchr1_human' in C:\GDrive2026\TM-MSA\Datasets\GPCRdb\precomputed\classA_002\caretta_classA_002.fasta. Expected length=422, obtained length=353"
"classA_002","clustalw",277881.0000000000,0.3030998786,"C:\GDrive2026\TM-MSA\Datasets\GPCRdb\precomputed\classA_002\clustalw_classA_002.fasta",ok,""
"classA_002","foldmason",,,"C:\GDrive2026\TM-MSA\Datasets\GPCRdb\precomputed\classA_002\foldmason_classA_002.fasta",failed,"JMetalException: Error reading data from fasta files C:\GDrive2026\TM-MSA\Datasets\GPCRdb\precomputed\classA_002\foldmason_classA_002.fasta. Message: org.uma.jmetal.util.errorchecking.JMetalException: Ungapped sequence mismatch for protein 'mchr1_human' in C:\GDrive2026\TM-MSA\Datasets\GPCRdb\precomputed\classA_002\foldmason_classA_002.fasta. Expected length=422, obtained length=353"
"classA_002","kalign",249187.0000000000,0.2831330384,"C:\GDrive2026\TM-MSA\Datasets\GPCRdb\precomputed\classA_002\kalign_classA_002.fasta",ok,""
"classA_002","mafft",408325.0000000000,0.3089680354,"C:\GDrive2026\TM-MSA\Datasets\GPCRdb\precomputed\classA_002\mafft_classA_002.fasta",ok,""
"classA_002","mtmalign",,,"C:\GDrive2026\TM-MSA\Datasets\GPCRdb\precomputed\classA_002\mtmalign_classA_002.fasta",failed,"JMetalException: Error reading data from fasta files C:\GDrive2026\TM-MSA\Datasets\GPCRdb\precomputed\classA_002\mtmalign_classA_002.fasta. Message: org.uma.jmetal.util.errorchecking.JMetalException: Ungapped sequence mismatch for protein 'mchr1_human' in C:\GDrive2026\TM-MSA\Datasets\GPCRdb\precomputed\classA_002\mtmalign_classA_002.fasta. Expected length=422, obtained length=353"
"classA_002","muscle5",422296.0000000000,0.2129151769,"C:\GDrive2026\TM-MSA\Datasets\GPCRdb\precomputed\classA_002\muscle5_classA_002.fasta",ok,""
"classA_002","mustang",,,"C:\GDrive2026\TM-MSA\Datasets\GPCRdb\precomputed\classA_002\mustang_classA_002.fasta",failed,"JMetalException: Error reading data from fasta files C:\GDrive2026\TM-MSA\Datasets\GPCRdb\precomputed\classA_002\mustang_classA_002.fasta. Message: org.uma.jmetal.util.errorchecking.JMetalException: Ungapped sequence mismatch for protein 'mchr1_human' in C:\GDrive2026\TM-MSA\Datasets\GPCRdb\precomputed\classA_002\mustang_classA_002.fasta. Expected length=422, obtained length=353"
"classA_002","tcoffee",233174.0000000000,0.2054838748,"C:\GDrive2026\TM-MSA\Datasets\GPCRdb\precomputed\classA_002\tcoffee_classA_002.fasta",ok,""
"classA_002","tmaligner",288901.0000000000,0.2204628583,"C:\GDrive2026\TM-MSA\Datasets\GPCRdb\precomputed\classA_002\tmaligner_classA_002.fasta",ok,""
"classA_002","usalign",,,"C:\GDrive2026\TM-MSA\Datasets\GPCRdb\precomputed\classA_002\usalign_classA_002.fasta",failed,"JMetalException: Error reading data from fasta files C:\GDrive2026\TM-MSA\Datasets\GPCRdb\precomputed\classA_002\usalign_classA_002.fasta. Message: org.uma.jmetal.util.errorchecking.JMetalException: Ungapped sequence mismatch for protein 'mchr1_human' in C:\GDrive2026\TM-MSA\Datasets\GPCRdb\precomputed\classA_002\usalign_classA_002.fasta. Expected length=422, obtained length=353"
"classA_002","usalign_clean",,,"C:\GDrive2026\TM-MSA\Datasets\GPCRdb\precomputed\classA_002\usalign_classA_002_clean.fasta",failed,"JMetalException: Error reading data from fasta files C:\GDrive2026\TM-MSA\Datasets\GPCRdb\precomputed\classA_002\usalign_classA_002_clean.fasta. Message: org.uma.jmetal.util.errorchecking.JMetalException: Ungapped sequence mismatch for protein 'mchr1_human' in C:\GDrive2026\TM-MSA\Datasets\GPCRdb\precomputed\classA_002\usalign_classA_002_clean.fasta. Expected length=422, obtained length=353"
"classA_002_19","caretta",-41569.0000000000,0.5246850062,"C:\GDrive2026\TM-MSA\Datasets\GPCRdb\precomputed\classA_002_19\caretta_classA_002_19.fasta",ok,""
"classA_002_19","clustalw",42638.0000000000,0.4876811170,"C:\GDrive2026\TM-MSA\Datasets\GPCRdb\precomputed\classA_002_19\clustalw_classA_002_19.fasta",ok,""
"classA_002_19","foldmason",27937.0000000000,0.5621398752,"C:\GDrive2026\TM-MSA\Datasets\GPCRdb\precomputed\classA_002_19\foldmason_classA_002_19.fasta",ok,""
"classA_002_19","kalign",44220.0000000000,0.4911694739,"C:\GDrive2026\TM-MSA\Datasets\GPCRdb\precomputed\classA_002_19\kalign_classA_002_19.fasta",ok,""
"classA_002_19","mafft",49149.0000000000,0.4704342865,"C:\GDrive2026\TM-MSA\Datasets\GPCRdb\precomputed\classA_002_19\mafft_classA_002_19.fasta",ok,""
"classA_002_19","mtmalign",19042.0000000000,0.2066364409,"C:\GDrive2026\TM-MSA\Datasets\GPCRdb\precomputed\classA_002_19\mtmalign_classA_002_19.fasta",ok,""
"classA_002_19","muscle5",47811.0000000000,0.4526512158,"C:\GDrive2026\TM-MSA\Datasets\GPCRdb\precomputed\classA_002_19\muscle5_classA_002_19.fasta",ok,""
"classA_002_19","mustang",24366.0000000000,0.3418901862,"C:\GDrive2026\TM-MSA\Datasets\GPCRdb\precomputed\classA_002_19\mustang_classA_002_19.fasta",ok,""
"classA_002_19","tcoffee",45632.0000000000,0.4370223240,"C:\GDrive2026\TM-MSA\Datasets\GPCRdb\precomputed\classA_002_19\tcoffee_classA_002_19.fasta",ok,""
"classA_002_19","tmaligner",43441.0000000000,0.4581180047,"C:\GDrive2026\TM-MSA\Datasets\GPCRdb\precomputed\classA_002_19\tmaligner_classA_002_19.fasta",ok,""
"classA_002_19","usalign",23983.0000000000,0.2714465724,"C:\GDrive2026\TM-MSA\Datasets\GPCRdb\precomputed\classA_002_19\usalign_classA_002_19.fasta",ok,""
"classA_002_19","usalign_clean",23983.0000000000,0.2714465724,"C:\GDrive2026\TM-MSA\Datasets\GPCRdb\precomputed\classA_002_19\usalign_classA_002_19_clean.fasta",ok,""
"classA_003","caretta",,,"C:\GDrive2026\TM-MSA\Datasets\GPCRdb\precomputed\classA_003\caretta_classA_003.fasta",failed,"JMetalException: Error reading data from fasta files C:\GDrive2026\TM-MSA\Datasets\GPCRdb\precomputed\classA_003\caretta_classA_003.fasta. Message: org.uma.jmetal.util.errorchecking.JMetalException: Ungapped sequence mismatch for protein 'fshr_human' in C:\GDrive2026\TM-MSA\Datasets\GPCRdb\precomputed\classA_003\caretta_classA_003.fasta. Expected length=695, obtained length=695"
"classA_003","clustalw",124358.0000000000,0.4420819860,"C:\GDrive2026\TM-MSA\Datasets\GPCRdb\precomputed\classA_003\clustalw_classA_003.fasta",ok,""
"classA_003","foldmason",,,"C:\GDrive2026\TM-MSA\Datasets\GPCRdb\precomputed\classA_003\foldmason_classA_003.fasta",failed,"JMetalException: Error reading data from fasta files C:\GDrive2026\TM-MSA\Datasets\GPCRdb\precomputed\classA_003\foldmason_classA_003.fasta. Message: org.uma.jmetal.util.errorchecking.JMetalException: Ungapped sequence mismatch for protein 'fshr_human' in C:\GDrive2026\TM-MSA\Datasets\GPCRdb\precomputed\classA_003\foldmason_classA_003.fasta. Expected length=695, obtained length=695"
"classA_003","kalign",130818.0000000000,0.4474366367,"C:\GDrive2026\TM-MSA\Datasets\GPCRdb\precomputed\classA_003\kalign_classA_003.fasta",ok,""
"classA_003","mafft",140907.0000000000,0.4406890689,"C:\GDrive2026\TM-MSA\Datasets\GPCRdb\precomputed\classA_003\mafft_classA_003.fasta",ok,""
"classA_003","mtmalign",,,"C:\GDrive2026\TM-MSA\Datasets\GPCRdb\precomputed\classA_003\mtmalign_classA_003.fasta",failed,"JMetalException: Error reading data from fasta files C:\GDrive2026\TM-MSA\Datasets\GPCRdb\precomputed\classA_003\mtmalign_classA_003.fasta. Message: org.uma.jmetal.util.errorchecking.JMetalException: Protein 'cml2_human' was not found in precomputed alignment C:\GDrive2026\TM-MSA\Datasets\GPCRdb\precomputed\classA_003\mtmalign_classA_003.fasta"
"classA_003","muscle5",138356.0000000000,0.3972747159,"C:\GDrive2026\TM-MSA\Datasets\GPCRdb\precomputed\classA_003\muscle5_classA_003.fasta",ok,""
"classA_003","mustang",,,"C:\GDrive2026\TM-MSA\Datasets\GPCRdb\precomputed\classA_003\mustang_classA_003.fasta",failed,"JMetalException: Error reading data from fasta files C:\GDrive2026\TM-MSA\Datasets\GPCRdb\precomputed\classA_003\mustang_classA_003.fasta. Message: org.uma.jmetal.util.errorchecking.JMetalException: Protein 'cml2_human' was not found in precomputed alignment C:\GDrive2026\TM-MSA\Datasets\GPCRdb\precomputed\classA_003\mustang_classA_003.fasta"
"classA_003","tcoffee",119846.0000000000,0.4009376983,"C:\GDrive2026\TM-MSA\Datasets\GPCRdb\precomputed\classA_003\tcoffee_classA_003.fasta",ok,""
"classA_003","tmaligner",118305.0000000000,0.4360223690,"C:\GDrive2026\TM-MSA\Datasets\GPCRdb\precomputed\classA_003\tmaligner_classA_003.fasta",ok,""
"classA_003","usalign",,,"C:\GDrive2026\TM-MSA\Datasets\GPCRdb\precomputed\classA_003\usalign_classA_003.fasta",failed,"JMetalException: Error reading data from fasta files C:\GDrive2026\TM-MSA\Datasets\GPCRdb\precomputed\classA_003\usalign_classA_003.fasta. Message: org.uma.jmetal.util.errorchecking.JMetalException: Ungapped sequence mismatch for protein 'fshr_human' in C:\GDrive2026\TM-MSA\Datasets\GPCRdb\precomputed\classA_003\usalign_classA_003.fasta. Expected length=695, obtained length=695"
"classA_003","usalign_clean",,,"C:\GDrive2026\TM-MSA\Datasets\GPCRdb\precomputed\classA_003\usalign_classA_003_clean.fasta",failed,"JMetalException: Error reading data from fasta files C:\GDrive2026\TM-MSA\Datasets\GPCRdb\precomputed\classA_003\usalign_classA_003_clean.fasta. Message: org.uma.jmetal.util.errorchecking.JMetalException: Ungapped sequence mismatch for protein 'fshr_human' in C:\GDrive2026\TM-MSA\Datasets\GPCRdb\precomputed\classA_003\usalign_classA_003_clean.fasta. Expected length=695, obtained length=695"
"classA_003_19","caretta",40702.0000000000,0.6923373304,"C:\GDrive2026\TM-MSA\Datasets\GPCRdb\precomputed\classA_003_19\caretta_classA_003_19.fasta",ok,""
"classA_003_19","clustalw",96688.0000000000,0.7349528211,"C:\GDrive2026\TM-MSA\Datasets\GPCRdb\precomputed\classA_003_19\clustalw_classA_003_19.fasta",ok,""
"classA_003_19","foldmason",88460.0000000000,0.7707390657,"C:\GDrive2026\TM-MSA\Datasets\GPCRdb\precomputed\classA_003_19\foldmason_classA_003_19.fasta",ok,""
"classA_003_19","kalign",99709.0000000000,0.7372443299,"C:\GDrive2026\TM-MSA\Datasets\GPCRdb\precomputed\classA_003_19\kalign_classA_003_19.fasta",ok,""
"classA_003_19","mafft",101118.0000000000,0.7560474261,"C:\GDrive2026\TM-MSA\Datasets\GPCRdb\precomputed\classA_003_19\mafft_classA_003_19.fasta",ok,""
"classA_003_19","mtmalign",70669.0000000000,0.2721440556,"C:\GDrive2026\TM-MSA\Datasets\GPCRdb\precomputed\classA_003_19\mtmalign_classA_003_19.fasta",ok,""
"classA_003_19","muscle5",101918.0000000000,0.6915812960,"C:\GDrive2026\TM-MSA\Datasets\GPCRdb\precomputed\classA_003_19\muscle5_classA_003_19.fasta",ok,""
"classA_003_19","mustang",85151.0000000000,0.4867030233,"C:\GDrive2026\TM-MSA\Datasets\GPCRdb\precomputed\classA_003_19\mustang_classA_003_19.fasta",ok,""
"classA_003_19","tcoffee",100646.0000000000,0.7038088498,"C:\GDrive2026\TM-MSA\Datasets\GPCRdb\precomputed\classA_003_19\tcoffee_classA_003_19.fasta",ok,""
"classA_003_19","tmaligner",96901.0000000000,0.7193267159,"C:\GDrive2026\TM-MSA\Datasets\GPCRdb\precomputed\classA_003_19\tmaligner_classA_003_19.fasta",ok,""
"classA_003_19","usalign",75771.0000000000,0.4021247368,"C:\GDrive2026\TM-MSA\Datasets\GPCRdb\precomputed\classA_003_19\usalign_classA_003_19.fasta",ok,""
"classA_003_19","usalign_clean",75771.0000000000,0.4021247368,"C:\GDrive2026\TM-MSA\Datasets\GPCRdb\precomputed\classA_003_19\usalign_classA_003_19_clean.fasta",ok,""
"classA_004","caretta",,,"C:\GDrive2026\TM-MSA\Datasets\GPCRdb\precomputed\classA_004\caretta_classA_004.fasta",failed,"JMetalException: Error reading data from fasta files C:\GDrive2026\TM-MSA\Datasets\GPCRdb\precomputed\classA_004\caretta_classA_004.fasta. Message: org.uma.jmetal.util.errorchecking.JMetalException: Ungapped sequence mismatch for protein 'oxer1_human' in C:\GDrive2026\TM-MSA\Datasets\GPCRdb\precomputed\classA_004\caretta_classA_004.fasta. Expected length=423, obtained length=384"
"classA_004","clustalw",-2678.0000000000,0.4712549676,"C:\GDrive2026\TM-MSA\Datasets\GPCRdb\precomputed\classA_004\clustalw_classA_004.fasta",ok,""
"classA_004","foldmason",,,"C:\GDrive2026\TM-MSA\Datasets\GPCRdb\precomputed\classA_004\foldmason_classA_004.fasta",failed,"JMetalException: Error reading data from fasta files C:\GDrive2026\TM-MSA\Datasets\GPCRdb\precomputed\classA_004\foldmason_classA_004.fasta. Message: org.uma.jmetal.util.errorchecking.JMetalException: Ungapped sequence mismatch for protein 'oxer1_human' in C:\GDrive2026\TM-MSA\Datasets\GPCRdb\precomputed\classA_004\foldmason_classA_004.fasta. Expected length=423, obtained length=384"
"classA_004","kalign",-1440.0000000000,0.4781149188,"C:\GDrive2026\TM-MSA\Datasets\GPCRdb\precomputed\classA_004\kalign_classA_004.fasta",ok,""
"classA_004","mafft",33587.0000000000,0.4591797916,"C:\GDrive2026\TM-MSA\Datasets\GPCRdb\precomputed\classA_004\mafft_classA_004.fasta",ok,""
"classA_004","mtmalign",,,"C:\GDrive2026\TM-MSA\Datasets\GPCRdb\precomputed\classA_004\mtmalign_classA_004.fasta",failed,"JMetalException: Error reading data from fasta files C:\GDrive2026\TM-MSA\Datasets\GPCRdb\precomputed\classA_004\mtmalign_classA_004.fasta. Message: org.uma.jmetal.util.errorchecking.JMetalException: Ungapped sequence mismatch for protein 'oxer1_human' in C:\GDrive2026\TM-MSA\Datasets\GPCRdb\precomputed\classA_004\mtmalign_classA_004.fasta. Expected length=423, obtained length=384"
"classA_004","muscle5",26132.0000000000,0.3509092237,"C:\GDrive2026\TM-MSA\Datasets\GPCRdb\precomputed\classA_004\muscle5_classA_004.fasta",ok,""
"classA_004","mustang",,,"C:\GDrive2026\TM-MSA\Datasets\GPCRdb\precomputed\classA_004\mustang_classA_004.fasta",failed,"JMetalException: Error reading data from fasta files C:\GDrive2026\TM-MSA\Datasets\GPCRdb\precomputed\classA_004\mustang_classA_004.fasta. Message: org.uma.jmetal.util.errorchecking.JMetalException: Ungapped sequence mismatch for protein 'oxer1_human' in C:\GDrive2026\TM-MSA\Datasets\GPCRdb\precomputed\classA_004\mustang_classA_004.fasta. Expected length=423, obtained length=384"
"classA_004","tcoffee",5645.0000000000,0.3638417136,"C:\GDrive2026\TM-MSA\Datasets\GPCRdb\precomputed\classA_004\tcoffee_classA_004.fasta",ok,""
"classA_004","tmaligner",16546.0000000000,0.3817883450,"C:\GDrive2026\TM-MSA\Datasets\GPCRdb\precomputed\classA_004\tmaligner_classA_004.fasta",ok,""
"classA_004","usalign",,,"C:\GDrive2026\TM-MSA\Datasets\GPCRdb\precomputed\classA_004\usalign_classA_004.fasta",failed,"JMetalException: Error reading data from fasta files C:\GDrive2026\TM-MSA\Datasets\GPCRdb\precomputed\classA_004\usalign_classA_004.fasta. Message: org.uma.jmetal.util.errorchecking.JMetalException: Ungapped sequence mismatch for protein 'oxer1_human' in C:\GDrive2026\TM-MSA\Datasets\GPCRdb\precomputed\classA_004\usalign_classA_004.fasta. Expected length=423, obtained length=384"
"classA_004","usalign_clean",,,"C:\GDrive2026\TM-MSA\Datasets\GPCRdb\precomputed\classA_004\usalign_classA_004_clean.fasta",failed,"JMetalException: Error reading data from fasta files C:\GDrive2026\TM-MSA\Datasets\GPCRdb\precomputed\classA_004\usalign_classA_004_clean.fasta. Message: org.uma.jmetal.util.errorchecking.JMetalException: Ungapped sequence mismatch for protein 'oxer1_human' in C:\GDrive2026\TM-MSA\Datasets\GPCRdb\precomputed\classA_004\usalign_classA_004_clean.fasta. Expected length=423, obtained length=384"
"classA_004_19","clustalw",24371.0000000000,0.5885653995,"C:\GDrive2026\TM-MSA\Datasets\GPCRdb\precomputed\classA_004_19\clustalw_classA_004_19.fasta",ok,""
"classA_004_19","kalign",21800.0000000000,0.6195087232,"C:\GDrive2026\TM-MSA\Datasets\GPCRdb\precomputed\classA_004_19\kalign_classA_004_19.fasta",ok,""
"classA_004_19","mafft",26123.0000000000,0.6035384543,"C:\GDrive2026\TM-MSA\Datasets\GPCRdb\precomputed\classA_004_19\mafft_classA_004_19.fasta",ok,""
"classA_004_19","muscle5",27862.0000000000,0.5561131813,"C:\GDrive2026\TM-MSA\Datasets\GPCRdb\precomputed\classA_004_19\muscle5_classA_004_19.fasta",ok,""
"classA_004_19","tcoffee",25333.0000000000,0.5567845092,"C:\GDrive2026\TM-MSA\Datasets\GPCRdb\precomputed\classA_004_19\tcoffee_classA_004_19.fasta",ok,""
"classA_004_19","tmaligner",25364.0000000000,0.5815403734,"C:\GDrive2026\TM-MSA\Datasets\GPCRdb\precomputed\classA_004_19\tmaligner_classA_004_19.fasta",ok,""
"classB1","caretta",19123.0000000000,0.6191421893,"C:\GDrive2026\TM-MSA\Datasets\GPCRdb\precomputed\classB1\caretta_classB1.fasta",ok,""
"classB1","clustalw",66147.0000000000,0.6039559655,"C:\GDrive2026\TM-MSA\Datasets\GPCRdb\precomputed\classB1\clustalw_classB1.fasta",ok,""
"classB1","foldmason",59832.0000000000,0.6319684160,"C:\GDrive2026\TM-MSA\Datasets\GPCRdb\precomputed\classB1\foldmason_classB1.fasta",ok,""
"classB1","kalign",68141.0000000000,0.6195973777,"C:\GDrive2026\TM-MSA\Datasets\GPCRdb\precomputed\classB1\kalign_classB1.fasta",ok,""
"classB1","mafft",72694.0000000000,0.6095856712,"C:\GDrive2026\TM-MSA\Datasets\GPCRdb\precomputed\classB1\mafft_classB1.fasta",ok,""
"classB1","mtmalign",21516.0000000000,0.2333440540,"C:\GDrive2026\TM-MSA\Datasets\GPCRdb\precomputed\classB1\mtmalign_classB1.fasta",ok,""
"classB1","muscle5",68579.0000000000,0.5108225942,"C:\GDrive2026\TM-MSA\Datasets\GPCRdb\precomputed\classB1\muscle5_classB1.fasta",ok,""
"classB1","mustang",55589.0000000000,0.4890399164,"C:\GDrive2026\TM-MSA\Datasets\GPCRdb\precomputed\classB1\mustang_classB1.fasta",ok,""
"classB1","tcoffee",68118.0000000000,0.5719459696,"C:\GDrive2026\TM-MSA\Datasets\GPCRdb\precomputed\classB1\tcoffee_classB1.fasta",ok,""
"classB1","tmaligner",67340.0000000000,0.6069128290,"C:\GDrive2026\TM-MSA\Datasets\GPCRdb\precomputed\classB1\tmaligner_classB1.fasta",ok,""
"classB1","usalign",28860.0000000000,0.3571666338,"C:\GDrive2026\TM-MSA\Datasets\GPCRdb\precomputed\classB1\usalign_classB1.fasta",ok,""
"classB1","usalign_clean",28860.0000000000,0.3571666338,"C:\GDrive2026\TM-MSA\Datasets\GPCRdb\precomputed\classB1\usalign_classB1_clean.fasta",ok,""
"classB2","clustalw",-577873.0000000000,0.1367439327,"C:\GDrive2026\TM-MSA\Datasets\GPCRdb\precomputed\classB2\clustalw_classB2.fasta",ok,""
"classB2","kalign",-574775.0000000000,0.1337013036,"C:\GDrive2026\TM-MSA\Datasets\GPCRdb\precomputed\classB2\kalign_classB2.fasta",ok,""
"classB2","mafft",-462552.0000000000,0.1300762493,"C:\GDrive2026\TM-MSA\Datasets\GPCRdb\precomputed\classB2\mafft_classB2.fasta",ok,""
"classB2","muscle5",-519628.0000000000,0.1159258595,"C:\GDrive2026\TM-MSA\Datasets\GPCRdb\precomputed\classB2\muscle5_classB2.fasta",ok,""
"classB2","tcoffee",-622478.0000000000,0.0875862524,"C:\GDrive2026\TM-MSA\Datasets\GPCRdb\precomputed\classB2\tcoffee_classB2.fasta",ok,""
"classB2","tmaligner",-544447.0000000000,0.1278098855,"C:\GDrive2026\TM-MSA\Datasets\GPCRdb\precomputed\classB2\tmaligner_classB2.fasta",ok,""
"classB2_19","caretta",-198222.0000000000,0.4129347088,"C:\GDrive2026\TM-MSA\Datasets\GPCRdb\precomputed\classB2_19\caretta_classB2_19.fasta",ok,""
"classB2_19","clustalw",-28662.0000000000,0.4088768657,"C:\GDrive2026\TM-MSA\Datasets\GPCRdb\precomputed\classB2_19\clustalw_classB2_19.fasta",ok,""
"classB2_19","foldmason",-58850.0000000000,0.4004883898,"C:\GDrive2026\TM-MSA\Datasets\GPCRdb\precomputed\classB2_19\foldmason_classB2_19.fasta",ok,""
"classB2_19","kalign",-23514.0000000000,0.4472348602,"C:\GDrive2026\TM-MSA\Datasets\GPCRdb\precomputed\classB2_19\kalign_classB2_19.fasta",ok,""
"classB2_19","mafft",287.0000000000,0.4185479838,"C:\GDrive2026\TM-MSA\Datasets\GPCRdb\precomputed\classB2_19\mafft_classB2_19.fasta",ok,""
"classB2_19","mtmalign",-231827.0000000000,0.0872103102,"C:\GDrive2026\TM-MSA\Datasets\GPCRdb\precomputed\classB2_19\mtmalign_classB2_19.fasta",ok,""
"classB2_19","muscle5",-13434.0000000000,0.3660132852,"C:\GDrive2026\TM-MSA\Datasets\GPCRdb\precomputed\classB2_19\muscle5_classB2_19.fasta",ok,""
"classB2_19","mustang",-76219.0000000000,0.2772323326,"C:\GDrive2026\TM-MSA\Datasets\GPCRdb\precomputed\classB2_19\mustang_classB2_19.fasta",ok,""
"classB2_19","tcoffee",-28560.0000000000,0.3072458501,"C:\GDrive2026\TM-MSA\Datasets\GPCRdb\precomputed\classB2_19\tcoffee_classB2_19.fasta",ok,""
"classB2_19","tmaligner",-14502.0000000000,0.4116808068,"C:\GDrive2026\TM-MSA\Datasets\GPCRdb\precomputed\classB2_19\tmaligner_classB2_19.fasta",ok,""
"classB2_19","usalign",-306990.0000000000,0.1242173299,"C:\GDrive2026\TM-MSA\Datasets\GPCRdb\precomputed\classB2_19\usalign_classB2_19.fasta",ok,""
"classB2_19","usalign_clean",-306990.0000000000,0.1242173299,"C:\GDrive2026\TM-MSA\Datasets\GPCRdb\precomputed\classB2_19\usalign_classB2_19_clean.fasta",ok,""
"classC","caretta",-217838.0000000000,0.3282218213,"C:\GDrive2026\TM-MSA\Datasets\GPCRdb\precomputed\classC\caretta_classC.fasta",ok,""
"classC","clustalw",-32729.0000000000,0.2897631758,"C:\GDrive2026\TM-MSA\Datasets\GPCRdb\precomputed\classC\clustalw_classC.fasta",ok,""
"classC","foldmason",-60903.0000000000,0.3103147230,"C:\GDrive2026\TM-MSA\Datasets\GPCRdb\precomputed\classC\foldmason_classC.fasta",ok,""
"classC","kalign",-41900.0000000000,0.3086008167,"C:\GDrive2026\TM-MSA\Datasets\GPCRdb\precomputed\classC\kalign_classC.fasta",ok,""
"classC","mafft",-19780.0000000000,0.2994525753,"C:\GDrive2026\TM-MSA\Datasets\GPCRdb\precomputed\classC\mafft_classC.fasta",ok,""
"classC","mtmalign",-226402.0000000000,0.1085825503,"C:\GDrive2026\TM-MSA\Datasets\GPCRdb\precomputed\classC\mtmalign_classC.fasta",ok,""
"classC","muscle5",-25115.0000000000,0.2597536076,"C:\GDrive2026\TM-MSA\Datasets\GPCRdb\precomputed\classC\muscle5_classC.fasta",ok,""
"classC","mustang",-75580.0000000000,0.2285439641,"C:\GDrive2026\TM-MSA\Datasets\GPCRdb\precomputed\classC\mustang_classC.fasta",ok,""
"classC","tcoffee",-38666.0000000000,0.2281098698,"C:\GDrive2026\TM-MSA\Datasets\GPCRdb\precomputed\classC\tcoffee_classC.fasta",ok,""
"classC","tmaligner",-36277.0000000000,0.2764038746,"C:\GDrive2026\TM-MSA\Datasets\GPCRdb\precomputed\classC\tmaligner_classC.fasta",ok,""
"classC","usalign",-180949.0000000000,0.1626207566,"C:\GDrive2026\TM-MSA\Datasets\GPCRdb\precomputed\classC\usalign_classC.fasta",ok,""
"classC","usalign_clean",-180949.0000000000,0.1626207566,"C:\GDrive2026\TM-MSA\Datasets\GPCRdb\precomputed\classC\usalign_classC_clean.fasta",ok,""
"classC_19","caretta",-183691.0000000000,0.3356242203,"C:\GDrive2026\TM-MSA\Datasets\GPCRdb\precomputed\classC_19\caretta_classC_19.fasta",ok,""
"classC_19","clustalw",-11625.0000000000,0.2966347451,"C:\GDrive2026\TM-MSA\Datasets\GPCRdb\precomputed\classC_19\clustalw_classC_19.fasta",ok,""
"classC_19","foldmason",-27439.0000000000,0.3184903383,"C:\GDrive2026\TM-MSA\Datasets\GPCRdb\precomputed\classC_19\foldmason_classC_19.fasta",ok,""
"classC_19","kalign",-10001.0000000000,0.2983117405,"C:\GDrive2026\TM-MSA\Datasets\GPCRdb\precomputed\classC_19\kalign_classC_19.fasta",ok,""
"classC_19","mafft",-10221.0000000000,0.3106150717,"C:\GDrive2026\TM-MSA\Datasets\GPCRdb\precomputed\classC_19\mafft_classC_19.fasta",ok,""
"classC_19","mtmalign",-169705.0000000000,0.1164340643,"C:\GDrive2026\TM-MSA\Datasets\GPCRdb\precomputed\classC_19\mtmalign_classC_19.fasta",ok,""
"classC_19","muscle5",-739.0000000000,0.2768487786,"C:\GDrive2026\TM-MSA\Datasets\GPCRdb\precomputed\classC_19\muscle5_classC_19.fasta",ok,""
"classC_19","mustang",-42105.0000000000,0.2463772575,"C:\GDrive2026\TM-MSA\Datasets\GPCRdb\precomputed\classC_19\mustang_classC_19.fasta",ok,""
"classC_19","tcoffee",-11116.0000000000,0.2431130470,"C:\GDrive2026\TM-MSA\Datasets\GPCRdb\precomputed\classC_19\tcoffee_classC_19.fasta",ok,""
"classC_19","tmaligner",-4332.0000000000,0.2864581723,"C:\GDrive2026\TM-MSA\Datasets\GPCRdb\precomputed\classC_19\tmaligner_classC_19.fasta",ok,""
"classC_19","usalign",-117113.0000000000,0.1714749119,"C:\GDrive2026\TM-MSA\Datasets\GPCRdb\precomputed\classC_19\usalign_classC_19.fasta",ok,""
"classC_19","usalign_clean",-117113.0000000000,0.1714749119,"C:\GDrive2026\TM-MSA\Datasets\GPCRdb\precomputed\classC_19\usalign_classC_19_clean.fasta",ok,""
"classF","caretta",-29596.0000000000,0.5763211246,"C:\GDrive2026\TM-MSA\Datasets\GPCRdb\precomputed\classF\caretta_classF.fasta",ok,""
"classF","clustalw",56482.0000000000,0.5869699796,"C:\GDrive2026\TM-MSA\Datasets\GPCRdb\precomputed\classF\clustalw_classF.fasta",ok,""
"classF","foldmason",51364.0000000000,0.5936916274,"C:\GDrive2026\TM-MSA\Datasets\GPCRdb\precomputed\classF\foldmason_classF.fasta",ok,""
"classF","kalign",59911.0000000000,0.5707192027,"C:\GDrive2026\TM-MSA\Datasets\GPCRdb\precomputed\classF\kalign_classF.fasta",ok,""
"classF","mafft",60715.0000000000,0.5658766635,"C:\GDrive2026\TM-MSA\Datasets\GPCRdb\precomputed\classF\mafft_classF.fasta",ok,""
"classF","mtmalign",16926.0000000000,0.1367948518,"C:\GDrive2026\TM-MSA\Datasets\GPCRdb\precomputed\classF\mtmalign_classF.fasta",ok,""
"classF","muscle5",58805.0000000000,0.5491077831,"C:\GDrive2026\TM-MSA\Datasets\GPCRdb\precomputed\classF\muscle5_classF.fasta",ok,""
"classF","mustang",49161.0000000000,0.4525139948,"C:\GDrive2026\TM-MSA\Datasets\GPCRdb\precomputed\classF\mustang_classF.fasta",ok,""
"classF","tcoffee",58526.0000000000,0.5469416920,"C:\GDrive2026\TM-MSA\Datasets\GPCRdb\precomputed\classF\tcoffee_classF.fasta",ok,""
"classF","tmaligner",57817.0000000000,0.5710609937,"C:\GDrive2026\TM-MSA\Datasets\GPCRdb\precomputed\classF\tmaligner_classF.fasta",ok,""
"classF","usalign",18984.0000000000,0.2162330523,"C:\GDrive2026\TM-MSA\Datasets\GPCRdb\precomputed\classF\usalign_classF.fasta",ok,""
"classF","usalign_clean",18984.0000000000,0.2162330523,"C:\GDrive2026\TM-MSA\Datasets\GPCRdb\precomputed\classF\usalign_classF_clean.fasta",ok,""
"classT2","caretta",132301.0000000000,0.8026980545,"C:\GDrive2026\TM-MSA\Datasets\GPCRdb\precomputed\classT2\caretta_classT2.fasta",ok,""
"classT2","clustalw",135712.0000000000,0.7572803134,"C:\GDrive2026\TM-MSA\Datasets\GPCRdb\precomputed\classT2\clustalw_classT2.fasta",ok,""
"classT2","foldmason",125030.0000000000,0.7879098369,"C:\GDrive2026\TM-MSA\Datasets\GPCRdb\precomputed\classT2\foldmason_classT2.fasta",ok,""
"classT2","kalign",134789.0000000000,0.7647801482,"C:\GDrive2026\TM-MSA\Datasets\GPCRdb\precomputed\classT2\kalign_classT2.fasta",ok,""
"classT2","mafft",140296.0000000000,0.7729736489,"C:\GDrive2026\TM-MSA\Datasets\GPCRdb\precomputed\classT2\mafft_classT2.fasta",ok,""
"classT2","mtmalign",88149.0000000000,0.4616526795,"C:\GDrive2026\TM-MSA\Datasets\GPCRdb\precomputed\classT2\mtmalign_classT2.fasta",ok,""
"classT2","muscle5",138317.0000000000,0.7160911636,"C:\GDrive2026\TM-MSA\Datasets\GPCRdb\precomputed\classT2\muscle5_classT2.fasta",ok,""
"classT2","mustang",126000.0000000000,0.6596844076,"C:\GDrive2026\TM-MSA\Datasets\GPCRdb\precomputed\classT2\mustang_classT2.fasta",ok,""
"classT2","tcoffee",135440.0000000000,0.7683263927,"C:\GDrive2026\TM-MSA\Datasets\GPCRdb\precomputed\classT2\tcoffee_classT2.fasta",ok,""
"classT2","tmaligner",137322.0000000000,0.7289834533,"C:\GDrive2026\TM-MSA\Datasets\GPCRdb\precomputed\classT2\tmaligner_classT2.fasta",ok,""
"classT2","usalign",117185.0000000000,0.6747605111,"C:\GDrive2026\TM-MSA\Datasets\GPCRdb\precomputed\classT2\usalign_classT2.fasta",ok,""
"classT2","usalign_clean",117185.0000000000,0.6747605111,"C:\GDrive2026\TM-MSA\Datasets\GPCRdb\precomputed\classT2\usalign_classT2_clean.fasta",ok,""
"classT2_19","caretta",68361.0000000000,0.8004468133,"C:\GDrive2026\TM-MSA\Datasets\GPCRdb\precomputed\classT2_19\caretta_classT2_19.fasta",ok,""
"classT2_19","clustalw",70169.0000000000,0.7608178573,"C:\GDrive2026\TM-MSA\Datasets\GPCRdb\precomputed\classT2_19\clustalw_classT2_19.fasta",ok,""
"classT2_19","foldmason",63922.0000000000,0.7863939173,"C:\GDrive2026\TM-MSA\Datasets\GPCRdb\precomputed\classT2_19\foldmason_classT2_19.fasta",ok,""
"classT2_19","kalign",69450.0000000000,0.7744886987,"C:\GDrive2026\TM-MSA\Datasets\GPCRdb\precomputed\classT2_19\kalign_classT2_19.fasta",ok,""
"classT2_19","mafft",72757.0000000000,0.7835385762,"C:\GDrive2026\TM-MSA\Datasets\GPCRdb\precomputed\classT2_19\mafft_classT2_19.fasta",ok,""
"classT2_19","mtmalign",42467.0000000000,0.4836361925,"C:\GDrive2026\TM-MSA\Datasets\GPCRdb\precomputed\classT2_19\mtmalign_classT2_19.fasta",ok,""
"classT2_19","muscle5",71569.0000000000,0.7427921569,"C:\GDrive2026\TM-MSA\Datasets\GPCRdb\precomputed\classT2_19\muscle5_classT2_19.fasta",ok,""
"classT2_19","mustang",64121.0000000000,0.6656220810,"C:\GDrive2026\TM-MSA\Datasets\GPCRdb\precomputed\classT2_19\mustang_classT2_19.fasta",ok,""
"classT2_19","tcoffee",70428.0000000000,0.7759584407,"C:\GDrive2026\TM-MSA\Datasets\GPCRdb\precomputed\classT2_19\tcoffee_classT2_19.fasta",ok,""
"classT2_19","tmaligner",71009.0000000000,0.7458521182,"C:\GDrive2026\TM-MSA\Datasets\GPCRdb\precomputed\classT2_19\tmaligner_classT2_19.fasta",ok,""
"classT2_19","usalign",58690.0000000000,0.6718451054,"C:\GDrive2026\TM-MSA\Datasets\GPCRdb\precomputed\classT2_19\usalign_classT2_19.fasta",ok,""
"classT2_19","usalign_clean",58690.0000000000,0.6718451054,"C:\GDrive2026\TM-MSA\Datasets\GPCRdb\precomputed\classT2_19\usalign_classT2_19_clean.fasta",ok,""
